hh_mean,hh_std,hv_mean,hv_std,angle_mean,angle_std,hh_hv_mean,hh_hv_std
-12.524341698597652,5.827468396166087,-23.52517114404835,8.184223984566106,37.68642976747869,10.590088487830739,0.5087879366918999,90.00425075733186
